{
"cols":[
	{"label":"날짜","type":"datetime"},
    {"label":"smile","type":"number"},
    {"label":"sad","type":"number"},
    {"label":"angry","type":"number"},
    {"label":"surprise","type":"number"}
],
"rows":[
    {"c":[{"v":1},{"v":37.8},{"v":80.8},{"v":41.8}]},
    {"c":[{"v":2},{"v":30.9},{"v":69.5},{"v":32.4}]},
    {"c":[{"v":3},{"v":25.4},{"v":57.0},{"v":25.7}]},
    {"c":[{"v":4},{"v":11.7},{"v":18.8},{"v":10.5}]},
    {"c":[{"v":5},{"v":11.9},{"v":17.6},{"v":10.4}]},
    {"c":[{"v":6},{"v":8.8},{"v":13.6},{"v":7.7}]},
    {"c":[{"v":7},{"v":7.6},{"v":12.3},{"v":9.6}]},
    {"c":[{"v":8},{"v":12.3},{"v":29.2},{"v":10.6}]},
    {"c":[{"v":9},{"v":16.9},{"v":42.9},{"v":14.8}]},
    {"c":[{"v":10},{"v":12.8},{"v":30.9},{"v":11.6}]},
    {"c":[{"v":11},{"v":5.3},{"v":7.9},{"v":4.7}]},
    {"c":[{"v":12},{"v":6.6},{"v":8.4},{"v":5.2}]},
    {"c":[{"v":13},{"v":4.8},{"v":6.3},{"v":3.6}]},
    {"c":[{"v":14},{"v":4.2},{"v":6.2},{"v":3.4}]}
]}